total_expense,total_expense,total_expense,total_expense,total_expense,total_expense,total_expense,total_expense,online_expense,online_expense,online_expense,online_expense,online_expense,online_expense,online_expense,online_expense,total_income,total_income,total_income,total_income,total_income,total_income,total_income,total_income,age,age,age,age,age,age,age,age
count,mean,std,min,25%,50%,75%,max,count,mean,std,min,25%,50%,75%,max,count,mean,std,min,25%,50%,75%,max,count,mean,std,min,25%,50%,75%,max
36544.0,103344.20027410243,116154.57169489651,30.0,20128.000000012,80362.00000001055,141748.999999011,2077078.2500098215,36544.0,0.0,0.0,0.0,0.0,0.0,0.0,0.0,36544.0,118268.60281808504,71489.43469971817,1.2495,63236.875499999995,105909.75,162545.562375,326216.9595,36544.0,42.36501204028021,23.996540415299254,0.0,22.0,42.0,63.0,87.0
2713.0,138152.92880573744,138692.14388033503,1332.9999999991,36591.000000021,114650.00000089,182782.00000098988,1723606.2499900311,2713.0,1586.7121267969037,11604.549401951534,4.0,65.0,180.0,458.0,156872.0,2713.0,153273.0380967932,76294.3190151508,97.5,93771.75,146476.7496,205477.5,325143.7485,2713.0,37.318466642093625,22.499253058899967,0.0,18.0,36.0,55.0,87.0
